A4634210312	https://www.pelicanparts.com/cat/r_w463/brkdsc_brake-discs-rotors
A4634210012	https://www.pelicanparts.com/cat/r_w463/brkdsc_brake-discs-rotors
A4634230012	https://www.pelicanparts.com/cat/r_w463/brkdsc_brake-discs-rotors
A4634230112	https://www.pelicanparts.com/cat/r_w463/brkdsc_brake-discs-rotors
A4634210712	https://www.pelicanparts.com/cat/r_w463/brkdsc_brake-discs-rotors
A463421150064	https://www.pelicanparts.com/cat/r_w463/brkdsc_brake-discs-rotors
A463421160064	https://www.pelicanparts.com/cat/r_w463/brkdsc_brake-discs-rotors
A4634210000	https://www.pelicanparts.com/cat/r_w463/brkdsc_brake-discs-rotors
A4634230100	https://www.pelicanparts.com/cat/r_w463/brkdsc_brake-discs-rotors
A4634210500	https://www.pelicanparts.com/cat/r_w463/brkdsc_brake-discs-rotors
A4634230000	https://www.pelicanparts.com/cat/r_w463/brkdsc_brake-discs-rotors
A4634214000	https://www.pelicanparts.com/cat/r_w463/brkdsc_brake-discs-rotors
A4634233500	https://www.pelicanparts.com/cat/r_w463/brkdsc_brake-discs-rotors
A0004212902	https://www.pelicanparts.com/cat/r_w463/brkpad_brake-pads
A0004201105	https://www.pelicanparts.com/cat/r_w463/brkpad_brake-pads
A0004207205	https://www.pelicanparts.com/cat/r_w463/brkpad_brake-pads
A4634205500	https://www.pelicanparts.com/cat/r_w463/brkpad_brake-pads
A4634205600	https://www.pelicanparts.com/cat/r_w463/brkpad_brake-pads
A0084205320	https://www.pelicanparts.com/cat/r_w463/brkpad_brake-pads
A0084204420	https://www.pelicanparts.com/cat/r_w463/brkpad_brake-pads
A0084206220	https://www.pelicanparts.com/cat/r_w463/brkpad_brake-pads
A0044202520	https://www.pelicanparts.com/cat/r_w463/brkpad_brake-pads
A0004203905	https://www.pelicanparts.com/cat/r_w463/brkpad_brake-pads
A0004204105	https://www.pelicanparts.com/cat/r_w463/brkpad_brake-pads
A0004210702	https://www.pelicanparts.com/cat/r_w463/brkpad_brake-pads
A000420370564	https://www.pelicanparts.com/cat/r_w463/brkpad_brake-pads
A4654235300	https://www.pelicanparts.com/cat/r_w463/brkpad_brake-pads
A0004201506	https://www.pelicanparts.com/cat/r_w463/brkpad_brake-pads
A005430380164	https://www.pelicanparts.com/cat/r_w463/brkhyd_brake-master-cylinders
A006430010164	https://www.pelicanparts.com/cat/r_w463/brkhyd_brake-master-cylinders
A0004284224	https://www.pelicanparts.com/cat/r_w463/brkhos_brake-hoses-and-lines
A4604210012	https://www.euro4x4parts.com/en/parts/catalog-specific/mercedes-benz-g-model-w460-1979-1993-280-ge-2-8-petrol-150-bhp-1979-1993/brakes/standard-brakes/brake-disc
A4614210012	https://www.euro4x4parts.com/en/parts/catalog-specific/mercedes-benz-g-model-w460-1979-1993-280-ge-2-8-petrol-150-bhp-1979-1993/brakes/standard-brakes/brake-disc
A4604210112	https://www.euro4x4parts.com/en/parts/catalog-specific/mercedes-benz-g-model-w460-1979-1993-280-ge-2-8-petrol-150-bhp-1979-1993/brakes/standard-brakes/brake-disc
A0034200720	https://www.euro4x4parts.com/en/parts/catalog-specific/mercedes-benz-g-model-w460-1979-1993-280-ge-2-8-petrol-150-bhp-1979-1993/brakes/standard-brakes/brake-pads
A0044201420	https://www.euro4x4parts.com/en/parts/catalog-specific/mercedes-benz-g-model-w460-1979-1993-280-ge-2-8-petrol-150-bhp-1979-1993/brakes/standard-brakes/brake-pads
A0054209820	https://www.euro4x4parts.com/en/parts/catalog-specific/mercedes-benz-g-model-w460-1979-1993-280-ge-2-8-petrol-150-bhp-1979-1993/brakes/standard-brakes/brake-pads
A0004209720	https://www.euro4x4parts.com/en/parts/catalog-specific/mercedes-benz-g-model-w460-1979-1993-280-ge-2-8-petrol-150-bhp-1979-1993/brakes/standard-brakes/brake-pads
A0034202420	https://www.euro4x4parts.com/en/parts/catalog-specific/mercedes-benz-g-model-w460-1979-1993-280-ge-2-8-petrol-150-bhp-1979-1993/brakes/standard-brakes/brake-pads
A0064211998	https://www.euro4x4parts.com/en/parts/catalog-specific/mercedes-benz-g-model-w460-1979-1993-280-ge-2-8-petrol-150-bhp-1979-1993/brakes/standard-brakes/brake-caliper
A0064212098	https://www.euro4x4parts.com/en/parts/catalog-specific/mercedes-benz-g-model-w460-1979-1993-280-ge-2-8-petrol-150-bhp-1979-1993/brakes/standard-brakes/brake-caliper
A4614200020	https://www.euro4x4parts.com/en/parts/catalog-specific/mercedes-benz-g-model-w461-1990-250-gd-2-5-diesel-92hp-1990-1993/brakes/standard-brakes/brake-shoes
A4634200920	https://www.euro4x4parts.com/en/parts/catalog-specific/mercedes-benz-g-model-w461-1990-250-gd-2-5-diesel-92hp-1990-1993/brakes/standard-brakes/brake-shoes
A0074200918	https://www.euro4x4parts.com/en/parts/catalog-specific/mercedes-benz-g-model-w461-1990-250-gd-2-5-diesel-92hp-1990-1993/brakes/standard-brakes/wheel-cylinder
A6014235001	https://www.euro4x4parts.com/en/parts/catalog-specific/mercedes-benz-g-model-w461-1990-250-gd-2-5-diesel-92hp-1990-1993/brakes/standard-brakes/brake-drum
A4605400617	https://www.euro4x4parts.com/en/parts/catalog-specific/mercedes-benz-g-model-w460-1979-1993-280-ge-2-8-petrol-150-bhp-1979-1993/brakes/standard-brakes/brake-pads-wear-indicator
A4633230200	https://www.pelicanparts.com/cat/r_w463/susshk_shock-absorbers
A4633230300	https://www.pelicanparts.com/cat/r_w463/susshk_shock-absorbers
A4633230400	https://www.pelicanparts.com/cat/r_w463/susshk_shock-absorbers
A0063230200	https://www.pelicanparts.com/cat/r_w463/susshk_shock-absorbers
A4633260200	https://www.pelicanparts.com/cat/r_w463/susshk_shock-absorbers
A4633260300	https://www.pelicanparts.com/cat/r_w463/susshk_shock-absorbers
A4633260400	https://www.pelicanparts.com/cat/r_w463/susshk_shock-absorbers
A4633260500	https://www.pelicanparts.com/cat/r_w463/susshk_shock-absorbers
A0053261700	https://www.pelicanparts.com/cat/r_w463/susshk_shock-absorbers
A4633300707	https://www.pelicanparts.com/cat/r_w463/susshk_control-arms-and-hardware
A4603330314	https://www.pelicanparts.com/cat/r_w463/susshk_control-arms-and-hardware
A4603520565	https://www.pelicanparts.com/cat/r_w463/susshk_control-arms-and-hardware
A4603520465	https://www.pelicanparts.com/cat/r_w463/susshk_control-arms-and-hardware
A0003330971	https://www.pelicanparts.com/cat/r_w463/susshk_control-arms-and-hardware
A4633200132	https://www.pelicanparts.com/cat/r_w463/susshk_sway-bar-links
A0043260400	https://www.euro4x4parts.com/en/parts/catalog-specific/mercedes-benz-g-model-w460-1979-1993-280-ge-2-8-petrol-150-bhp-1979-1993/suspension-steering/suspension-shock-absorbers-oe-height/shock-absorber-gas-standard
A4603215004	https://www.euro4x4parts.com/en/parts/catalog-specific/mercedes-benz-g-model-w460-1979-1993-280-ge-2-8-petrol-150-bhp-1979-1993/suspension-steering/suspension-oe-height-except-shock-absorbers/coil-spring
A4603210206	https://www.euro4x4parts.com/en/parts/catalog-specific/mercedes-benz-g-model-w460-1979-1993-280-ge-2-8-petrol-150-bhp-1979-1993/suspension-steering/suspension-oe-height-except-shock-absorbers/shoch-absorber-strut-upper-mount
A4633210006	https://www.euro4x4parts.com/en/parts/catalog-specific/mercedes-benz-g-model-w460-1979-1993-280-ge-2-8-petrol-150-bhp-1979-1993/suspension-steering/suspension-oe-height-except-shock-absorbers/shoch-absorber-strut-upper-mount
A4613230100	https://www.euro4x4parts.com/en/parts/catalog-specific/mercedes-benz-g-model-w460-1979-1993-280-ge-2-8-petrol-150-bhp-1979-1993/suspension-steering/suspension-oe-height-except-shock-absorbers/shock-absorber-bush-kit
A4633230100	https://www.euro4x4parts.com/en/parts/catalog-specific/mercedes-benz-g-model-w460-1979-1993-280-ge-2-8-petrol-150-bhp-1979-1993/suspension-steering/suspension-oe-height-except-shock-absorbers/shock-absorber-bush-kit
A4633300403	https://www.pelicanparts.com/cat/r_w463/susstr_tie-rods
A4634631115	https://www.pelicanparts.com/cat/r_w463/susstr_drag-links
A0024601648	https://www.pelicanparts.com/cat/r_w463/susstr_drag-links
A0024601948	https://www.pelicanparts.com/cat/r_w463/susstr_drag-links
A4634630032	https://www.pelicanparts.com/cat/r_w463/susstr_steering-dampers
A4634630132	https://www.pelicanparts.com/cat/r_w463/susstr_steering-dampers
A463463013264	https://www.pelicanparts.com/cat/r_w463/susstr_steering-dampers
A463463023264	https://www.pelicanparts.com/cat/r_w463/susstr_steering-dampers
A463460690080	https://www.pelicanparts.com/cat/r_w463/susstr_power-steering-pumps
A0004635632	https://www.euro4x4parts.com/en/parts/catalog-specific/mercedes-benz-g-model-w461-1990-250-gd-2-5-diesel-92hp-1990-1993/suspension-steering/steering-ball-joints/steering-damper
A0004636032	https://www.euro4x4parts.com/en/parts/catalog-specific/mercedes-benz-g-model-w461-1990-250-gd-2-5-diesel-92hp-1990-1993/suspension-steering/steering-ball-joints/steering-damper
A0004636632	https://www.euro4x4parts.com/en/parts/catalog-specific/mercedes-benz-g-model-w460-1979-1993-280-ge-2-8-petrol-150-bhp-1979-1993/suspension-steering/steering-ball-joints/steering-damper
A4614630040	https://www.euro4x4parts.com/en/parts/catalog-specific/mercedes-benz-g-model-w460-1979-1993-280-ge-2-8-petrol-150-bhp-1979-1993/suspension-steering/steering-ball-joints/steering-damper-adaptator
A4614600001	https://www.euro4x4parts.com/en/parts/catalog-specific/mercedes-benz-g-model-w461-1990-250-gd-2-5-diesel-92hp-1990-1993/suspension-steering/steering-ball-joints/steering-box
A4604635115	https://www.euro4x4parts.com/en/parts/catalog-specific/mercedes-benz-g-model-w461-1990-250-gd-2-5-diesel-92hp-1990-1993/suspension-steering/steering-ball-joints/tie-rod-end-steering-link
A4604635315	https://www.euro4x4parts.com/en/parts/catalog-specific/mercedes-benz-g-model-w461-1990-250-gd-2-5-diesel-92hp-1990-1993/suspension-steering/steering-ball-joints/tie-rod-end-steering-link
A4634630615	https://www.euro4x4parts.com/en/parts/catalog-specific/mercedes-benz-g-model-w461-1990-250-gd-2-5-diesel-92hp-1990-1993/suspension-steering/steering-ball-joints/tie-rod-end-steering-link
A4634600105	https://www.euro4x4parts.com/en/parts/catalog-specific/mercedes-benz-g-model-w461-1990-250-gd-2-5-diesel-92hp-1990-1993/suspension-steering/steering-ball-joints/tie-rod-end-steering-link
A4634630415	https://www.euro4x4parts.com/en/parts/catalog-specific/mercedes-benz-g-model-w460-1979-1993-280-ge-2-8-petrol-150-bhp-1979-1993/suspension-steering/steering-ball-joints/tie-rod-end-steering-link
A4614630215	https://www.euro4x4parts.com/en/parts/catalog-specific/mercedes-benz-g-model-w460-1979-1993-280-ge-2-8-petrol-150-bhp-1979-1993/suspension-steering/steering-ball-joints/tie-rod-end-steering-link
A4603301703	https://www.euro4x4parts.com/en/parts/catalog-specific/mercedes-benz-g-model-w461-1990-250-gd-2-5-diesel-92hp-1990-1993/suspension-steering/steering-ball-joints/tie-rod-end-complete-track-rod-assembly
A4603300903	https://www.euro4x4parts.com/en/parts/catalog-specific/mercedes-benz-g-model-w461-1990-250-gd-2-5-diesel-92hp-1990-1993/suspension-steering/steering-ball-joints/tie-rod-end-complete-track-rod-assembly
A4603301803	https://www.euro4x4parts.com/en/parts/catalog-specific/mercedes-benz-g-model-w461-1990-250-gd-2-5-diesel-92hp-1990-1993/suspension-steering/steering-ball-joints/tie-rod-end-complete-track-rod-assembly
A4603300435	https://www.euro4x4parts.com/en/parts/catalog-specific/mercedes-benz-g-model-w460-1979-1993-280-ge-2-8-petrol-150-bhp-1979-1993/suspension-steering/steering-ball-joints/tie-rod-end
A4603301235	https://www.euro4x4parts.com/en/parts/catalog-specific/mercedes-benz-g-model-w460-1979-1993-280-ge-2-8-petrol-150-bhp-1979-1993/suspension-steering/steering-ball-joints/tie-rod-end
A0004604348	https://www.euro4x4parts.com/en/parts/catalog-specific/mercedes-benz-g-model-w460-1979-1993-280-ge-2-8-petrol-150-bhp-1979-1993/suspension-steering/steering-ball-joints/tie-rod-end
A4638200759	https://nemigaparts.com/cat_spares/epc/mercedes/2/fg/463249/62U/82/175/
A0018203361	https://www.avtoradosti.com.ua/katalog-tovara/fary_perednie/m-567/
A4639067602	https://www.xdalys.lt/en/oem-catalog/g-klasa-463-w463/4/
A4638804202	https://www.xdalys.lt/en/oem-catalog/g-klasa-463-w463/4/
A4638200021	https://nemigaparts.com/cat_spares/epc/mercedes/2/fg/463249/62U/82/175/
A4639060042	https://nemigaparts.com/cat_spares/epc/mercedes/2/fg/463249/62U/82/175/
A4638260041	https://nemigaparts.com/cat_spares/epc/mercedes/2/fg/463249/62U/82/175/
A4638260141	https://nemigaparts.com/cat_spares/epc/mercedes/2/fg/463249/62U/82/175/
A4639060151	https://nemigaparts.com/cat_spares/epc/mercedes/2/fg/463249/62U/82/175/
A4639065300	https://nemigaparts.com/cat_spares/epc/mercedes/2/fg/463249/62U/82/175/
A0028202756	https://nemigaparts.com/cat_spares/epc/mercedes/2/fg/463249/62U/82/175/
A0028202856	https://nemigaparts.com/cat_spares/epc/mercedes/2/fg/463249/62U/82/175/
A4638850022	https://nemigaparts.com/cat_spares/epc/mercedes/2/fg/463249/62U/82/175/
A4638850122	https://nemigaparts.com/cat_spares/epc/mercedes/2/fg/463249/62U/82/175/
A4638260091	https://nemigaparts.com/cat_spares/epc/mercedes/2/fg/463249/62U/82/175/
A4638201364	https://nemigaparts.com/cat_spares/epc/mercedes/2/fg/463249/62U/82/220/
A4638201464	https://nemigaparts.com/cat_spares/epc/mercedes/2/fg/463249/62U/82/220/
A4638260158	https://nemigaparts.com/cat_spares/epc/mercedes/2/fg/463249/62U/82/220/
A4638260258	https://nemigaparts.com/cat_spares/epc/mercedes/2/fg/463249/62U/82/220/
A0009065004	https://nemigaparts.com/cat_spares/epc/mercedes/2/fg/463249/62U/82/220/
A0009065104	https://nemigaparts.com/cat_spares/epc/mercedes/2/fg/463249/62U/82/220/
A4638200656	https://nemigaparts.com/cat_spares/epc/mercedes/2/fg/463249/62U/82/220/
A4638200109	https://nemigaparts.com/cat_spares/epc/mercedes/2/fg/463249/62U/82/220/
A4638200356	https://nemigaparts.com/cat_spares/epc/mercedes/2/fg/463249/62U/82/220/
A0005443434	https://www.mcstarparts.com/w461-w463-g-wagen-1
A4638250099	https://www.xdalys.lt/en/oem-catalog/g-klasa-463-w463/4/
A4638104916	https://nemigaparts.com/cat_spares/epc/mercedes/2/fg/463249/62U/72/331/
A4638107916	https://nemigaparts.com/cat_spares/epc/mercedes/2/fg/463249/62U/72/331/
A4638108116	https://nemigaparts.com/cat_spares/epc/mercedes/2/fg/463249/62U/72/331/
A2038201321	https://nemigaparts.com/cat_spares/epc/mercedes/2/fg/463249/62U/72/331/
A4638110096	https://nemigaparts.com/cat_spares/epc/mercedes/2/fg/463249/62U/72/331/
A4638110198	https://nemigaparts.com/cat_spares/epc/mercedes/2/fg/463249/62U/72/331/
A4608110014	https://r129.co/products/mercedes-4608110014-door-mirror-left-w460-g.html
A4637600959	https://nemigaparts.com/cat_spares/epc/mercedes/2/fg/463249/62U/72/030/
A4637600859	https://nemigaparts.com/cat_spares/epc/mercedes/2/fg/463249/62U/72/030/
A0007601259	https://nemigaparts.com/cat_spares/epc/mercedes/2/fg/463249/62U/72/030/
A6707600159	https://mb-neuteile.de/en/spare-parts-mercedes-benz-g-model-w460-w461-w463/
A4637202335	https://nemigaparts.com/cat_spares/epc/mercedes/2/fg/463249/62U/72/030/
A4637202435	https://nemigaparts.com/cat_spares/epc/mercedes/2/fg/463249/62U/72/030/
A4638902967	https://nemigaparts.com/cat_spares/epc/mercedes/2/fg/463249/62U/72/030/
A4637230703	https://nemigaparts.com/cat_spares/epc/mercedes/2/fg/463249/62U/72/030/
A4637230803	https://nemigaparts.com/cat_spares/epc/mercedes/2/fg/463249/62U/72/030/
A4637200037	https://nemigaparts.com/cat_spares/epc/mercedes/2/fg/463249/62U/72/015/
A4637200237	https://nemigaparts.com/cat_spares/epc/mercedes/2/fg/463249/62U/72/015/
A4607230052	https://nemigaparts.com/cat_spares/epc/mercedes/2/fg/463249/62U/72/015/
A4637200116	https://nemigaparts.com/cat_spares/epc/mercedes/2/fg/463249/62U/72/015/
A4617600017	https://mb-neuteile.de/en/spare-parts-mercedes-benz-g-model-w460-w461-w463/
A4637200546	https://nemigaparts.com/cat_spares/epc/mercedes/2/fg/463249/62U/72/045/
A4637200646	https://nemigaparts.com/cat_spares/epc/mercedes/2/fg/463249/62U/72/045/
A4636700103	https://nemigaparts.com/cat_spares/epc/mercedes/2/fg/463249/62U/72/045/
A4637200053	https://www.xdalys.lt/en/oem-catalog/g-klasa-463-w463/4/
A4638800104	https://nemigaparts.com/cat_spares/epc/mercedes/2/fg/463249/62U/88/030/
A4638850433	https://nemigaparts.com/cat_spares/epc/mercedes/2/fg/463249/62U/88/030/
A4638850533	https://nemigaparts.com/cat_spares/epc/mercedes/2/fg/463249/62U/88/030/
A4638800471	https://nemigaparts.com/cat_spares/epc/mercedes/2/fg/463249/62U/88/075/
A4638800771	https://nemigaparts.com/cat_spares/epc/mercedes/2/fg/463249/62U/88/075/
A4638800871	https://nemigaparts.com/cat_spares/epc/mercedes/2/fg/463249/62U/88/075/
A4638850233	https://nemigaparts.com/cat_spares/epc/mercedes/2/fg/463249/62U/88/075/
A4638804606	https://nemigaparts.com/cat_spares/epc/mercedes/2/fg/463249/62U/88/015/
A4638804506	https://nemigaparts.com/cat_spares/epc/mercedes/2/fg/463249/62U/88/015/
A4638810085	https://nemigaparts.com/cat_spares/epc/mercedes/2/fg/463249/62U/88/015/
A4638810185	https://nemigaparts.com/cat_spares/epc/mercedes/2/fg/463249/62U/88/015/
A4638890898	https://nemigaparts.com/cat_spares/epc/mercedes/2/fg/463249/62U/88/015/
A4638812014	https://nemigaparts.com/cat_spares/epc/mercedes/2/fg/463249/62U/88/015/
A4638800757	https://nemigaparts.com/cat_spares/epc/mercedes/2/fg/463249/62U/88/120/
A4608800228	https://nemigaparts.com/cat_spares/epc/mercedes/2/fg/463249/62U/88/120/
A4638800059	https://nemigaparts.com/cat_spares/epc/mercedes/2/fg/463249/62U/88/120/
A4608800260	https://nemigaparts.com/cat_spares/epc/mercedes/2/fg/463249/62U/88/120/
A2078170316	https://nemigaparts.com/cat_spares/epc/mercedes/2/fg/463249/62U/88/120/
A4638880015	https://nemigaparts.com/cat_spares/epc/mercedes/2/fg/463249/62U/88/135/
A4638880023	https://nemigaparts.com/cat_spares/epc/mercedes/2/fg/463249/62U/88/135/
A4638880051	https://nemigaparts.com/cat_spares/epc/mercedes/2/fg/463249/62U/88/135/
A2078170016	https://nemigaparts.com/cat_spares/epc/mercedes/2/fg/463249/62U/88/135/
A4638502707	https://nemigaparts.com/cat_spares/epc/mercedes/2/fg/463249/62U/88/150/
A4638502807	https://nemigaparts.com/cat_spares/epc/mercedes/2/fg/463249/62U/88/150/
A4638550135	https://nemigaparts.com/cat_spares/epc/mercedes/2/fg/463249/62U/88/150/
A4638550235	https://nemigaparts.com/cat_spares/epc/mercedes/2/fg/463249/62U/88/150/
A4638801421	https://www.xdalys.lt/en/oem-catalog/g-klasa-463-w463/4/
A4638981700	https://www.xdalys.lt/en/oem-catalog/g-klasa-463-w463/4/
A4638855000	https://www.xdalys.lt/en/oem-catalog/g-klasa-463-w463/4/
A4636900079	https://mb-neuteile.de/en/spare-parts-mercedes-benz-g-model-w460-w461-w463/
A4637600161	https://nemigaparts.com/cat_spares/epc/mercedes/2/fg/463249/62U/72/030/
A4637600261	https://nemigaparts.com/cat_spares/epc/mercedes/2/fg/463249/62U/72/030/
A4637600004	https://nemigaparts.com/cat_spares/epc/mercedes/2/fg/463249/62U/72/030/
A4637271888	https://nemigaparts.com/cat_spares/epc/mercedes/2/fg/463249/62U/72/030/
A2027660124	https://nemigaparts.com/cat_spares/epc/mercedes/2/fg/463249/62U/72/030/
A2027660224	https://nemigaparts.com/cat_spares/epc/mercedes/2/fg/463249/62U/72/030/
A4637250071	https://nemigaparts.com/cat_spares/epc/mercedes/2/fg/463249/62U/72/200/
A4637250171	https://nemigaparts.com/cat_spares/epc/mercedes/2/fg/463249/62U/72/200/
A4637203362	https://nemigaparts.com/cat_spares/epc/mercedes/2/fg/463249/62U/72/200/
A4637203462	https://nemigaparts.com/cat_spares/epc/mercedes/2/fg/463249/62U/72/200/
A4637270530	https://nemigaparts.com/cat_spares/epc/mercedes/2/fg/463249/62U/72/200/
A4636802952	https://nemigaparts.com/cat_spares/epc/mercedes/2/fg/463249/62U/68/250/
A4636801152	https://nemigaparts.com/cat_spares/epc/mercedes/2/fg/463249/62U/68/250/
A4636801052	https://nemigaparts.com/cat_spares/epc/mercedes/2/fg/463249/62U/68/250/
A4636801210	https://nemigaparts.com/cat_spares/epc/mercedes/2/fg/463249/62U/68/250/
A4636800282	https://nemigaparts.com/cat_spares/epc/mercedes/2/fg/463249/62U/68/290/
A4636800382	https://nemigaparts.com/cat_spares/epc/mercedes/2/fg/463249/62U/68/290/
A4636802471	https://nemigaparts.com/cat_spares/epc/mercedes/2/fg/463249/62U/68/290/
A4636802271	https://nemigaparts.com/cat_spares/epc/mercedes/2/fg/463249/62U/68/290/
A4636802771	https://nemigaparts.com/cat_spares/epc/mercedes/2/fg/463249/62U/68/290/
A4636800217	https://nemigaparts.com/cat_spares/epc/mercedes/2/fg/463249/62U/68/205/
A4636801708	https://nemigaparts.com/cat_spares/epc/mercedes/2/fg/463249/62U/68/205/
A4636801808	https://nemigaparts.com/cat_spares/epc/mercedes/2/fg/463249/62U/68/205/
A4636803708	https://nemigaparts.com/cat_spares/epc/mercedes/2/fg/463249/62U/68/205/
A2036830291	https://nemigaparts.com/cat_spares/epc/mercedes/2/fg/463249/62U/68/205/
A4636844502	https://nemigaparts.com/cat_spares/epc/mercedes/2/fg/463249/62U/68/485/
A4636844602	https://nemigaparts.com/cat_spares/epc/mercedes/2/fg/463249/62U/68/485/
A4636844902	https://nemigaparts.com/cat_spares/epc/mercedes/2/fg/463249/62U/68/485/
A4636845002	https://nemigaparts.com/cat_spares/epc/mercedes/2/fg/463249/62U/68/485/
A4636846302	https://nemigaparts.com/cat_spares/epc/mercedes/2/fg/463249/62U/68/485/
A4636800248	https://nemigaparts.com/cat_spares/epc/mercedes/2/fg/463249/62U/68/485/
A4636800448	https://nemigaparts.com/cat_spares/epc/mercedes/2/fg/463249/62U/68/485/
A4602770195	https://expedition-imports.com/transmission-filter-722.3xx-4-speed-4602770195/
A1402770095	https://expedition-imports.com/transmission-filter-g500-722.6xx-1402770095/
A1402710080	https://expedition-imports.com/transmission-pan-gasket-g500-722.6xx-1402710080/
A1262711080	https://expedition-imports.com/transmission-gasket-722.3-4-speed-1262711080/
A1402700812	https://expedition-imports.com/722.6-transmission-pan-1402700812/
A2202710098	https://expedition-imports.com/transmission-pan-magnet-2202710098/
A0009880952	https://expedition-imports.com/transmission-pan-magnet-463-0009880952
A1402701161	https://expedition-imports.com/conductor-plate-722-6-transmission-1402701161
A2035400253	https://expedition-imports.com/722-6-transmission-replacement-connector-plug-2035400253
A000270185280	https://expedition-imports.com/transmission-switching-unit-servo-module-000270185280
A1409910055	https://expedition-imports.com/transmission-filler-cap-lock-pin-722.6xx-transmission-1409910055/
A1402700091	https://expedition-imports.com/transmission-dipstick-cap-2002-and-newer-1402700091
A0159971246	https://expedition-imports.com/463-722-6-automatic-transmission-flange-seal-0159971246
A0169970547	https://expedition-imports.com/transmission-output-seal-0169970547
A4602406318	https://expedition-imports.com/transmission-mount-red-4602406318/
A460240571864	https://expedition-imports.com/transmission-mount-280ge-250gd-290gd-300ge-and-463-300gd-green-460240571864/
A460240561864	https://expedition-imports.com/transmission-mount-230g-230ge-240gd-and-290gd-blue-460240561864/
A4632800386	https://expedition-imports.com/transfer-case-mount-463-front-4632800386/
A463280018664	https://expedition-imports.com/transfer-case-mount-463-left-rear-463280018664/
A4632800286	https://expedition-imports.com/transfer-case-mount-463-right-rear-4632800286/
A4632850302	https://expedition-imports.com/g-wagen-transfer-case-mount-bracket-left-rear-4632850302/
A4635400088	https://expedition-imports.com/transfer-case-shifter-motor-750.654-vg150-transfer-case-4635400088/
A4632840094	https://expedition-imports.com/transfer-case-diaphragm-4632840094
A4632840240	https://expedition-imports.com/shift-knob-transfer-case-463-4632840240/
A0159970847	https://expedition-imports.com/463-transfer-case-flange-seal-0159970847
A0019814125	https://expedition-imports.com/2002-and-newer-transfer-case-flange-bearing-rear-0019814125
A4634100902	https://expedition-imports.com/shaft-trans-t-case-4634100902/
A1020700068	https://expedition-imports.com/vacuum-reservoir-differential-lock-system-1020700068/
A0179978082	https://expedition-imports.com/vacuum-line-brake-booster-differential-locks-0179978082
A4634100128	https://expedition-imports.com/cv-joint-repair-kit-w463-center-shaft-4634100128/
A4634100028	https://expedition-imports.com/cv-joint-boot-kit-center-shaft-w463-4634100028/
A4634100306	https://expedition-imports.com/center-drive-shaft-w463-g500-g550-4634100306/
A4634100202	https://expedition-imports.com/center-drive-shaft-300ge-300gd-g320-g36-amg-350gdt-mercedes-4634100202mb
A0009801902	https://expedition-imports.com/carrier-bearing-0009801902/
A3199900601	https://expedition-imports.com/drive-shaft-propeller-shaft-flange-bolt-3199900601/
A0179975547	https://expedition-imports.com/pinion-seal-0179975547/
A0069979648	https://expedition-imports.com/pinion-seal-ring-68-0069979648/
A0099972847	https://expedition-imports.com/axle-shaft-seal-front-mercedes-0099972847/
A6013575080	https://expedition-imports.com/gasket-rear-axle-shaft-6013575080/
A9023570180	https://expedition-imports.com/gasket-rear-axle-shaft-463-9023570180/
A4633310060	https://expedition-imports.com/pinion-oil-collector-463-4633310060/
A6013510072	https://expedition-imports.com/pinion-nut-m-26x1-5x15-5-6013510072
A0029801102	https://expedition-imports.com/pinion-bearing-outside-0029801102/
A4633300054	https://expedition-imports.com/differential-lock-slave-cylinder-463-4633300054
A0003532955	https://expedition-imports.com/vacuum-cylinder-front-and-rear-differential-lock-0003532955/
A4603500784	https://expedition-imports.com/differential-lock-slave-cylinder-rebuild-kit-late-style-4603500784kit/
A4609930210	https://expedition-imports.com/differential-lock-slave-compression-spring-4609930210/
A4639930701	https://expedition-imports.com/differential-lock-slave-compression-spring-4639930701/
A4603510080	https://expedition-imports.com/differential-lock-gasket-4603510080/
A4634280435	https://expedition-imports.com/front-axle-locker-hose-463-4634280435/
A4634280635	https://expedition-imports.com/rear-axle-locker-hose-463-4634280635/
A0009902288	https://expedition-imports.com/banjo-union-hydraulic-hose-to-front-locker-slave-w463-0009902288/
A9090460430	https://expedition-imports.com/differential-lock-conversion-kit-front-230ge-9090460430
A9023500123	https://expedition-imports.com/differential-carrier-463-9023500123
A4633300723	https://expedition-imports.com/differential-gear-carrier-w463-4633300723/
A463330002140	https://expedition-imports.com/differential-cover-463330002140/
A4602511780	https://expedition-imports.com/transmission-bell-housing-gasket-461-722380-4602511780/
A7202770095	https://expedition-imports.com/automatic-transmission-filter-7202770095/
A0069979948	https://expedition-imports.com/automatic-transmission-filter-o-ring-0069979948/
A1152711680	https://expedition-imports.com/automatic-transmission-pan-gasket-1152711680/
A1152700398	https://expedition-imports.com/720-108-transmission-filter-kit-1152700398
A0129978747	https://expedition-imports.com/720-108-transmission-output-seal-0129978747
A0089974148	https://expedition-imports.com/automatic-transmission-rear-seal-460-0089974148et
A0179973247	https://expedition-imports.com/transmission-input-seal-automatic-0179973247
A0129973847	https://expedition-imports.com/output-shaft-seal-717-getrag-transmission-0129973847/
A0099975347	https://expedition-imports.com/seal-ring-input-shaft-717.420-getrag-5-speed-0099975347/
A0209975747	https://expedition-imports.com/transfer-case-output-flange-seal-outer-0209975747/
A020997564764	https://expedition-imports.com/transfer-case-output-flange-seal-inner-020997564764/
A0079977847	https://expedition-imports.com/seal-transfer-case-outer-0079977847et
A0079978247	https://expedition-imports.com/seal-transfer-case-inner-0079978247et
A4602810180	https://expedition-imports.com/gasket-transfer-case-rear-vg80-4602810180
A4602810280	https://expedition-imports.com/gasket-transfer-case-side-vg80-4602810280
A4602801586	https://expedition-imports.com/transfer-case-mount-kit-280ge-230ge-240gd-4602801586/
A4602802486	https://expedition-imports.com/transfer-case-mount-300gd-4602802486/
A0004630465	https://expedition-imports.com/transfer-case-to-transmission-brace-rubber-bushing-0004630465/
A4602820372	https://expedition-imports.com/flange-nut-front-transfer-case-4602820372/
A4602840134	https://expedition-imports.com/top-shifter-bearing-bracket-for-vg80-transfer-case-4602840134/
A4602840740	https://expedition-imports.com/shift-knob-transfer-case-460-461-4602840740
A1402500602	https://expedition-imports.com/460-g-wagen-torque-converter-1402500602/
A4602500005	https://expedition-imports.com/g-wagen-bell-housing-711.200-4-speed-4602500005/
A1232700079	https://expedition-imports.com/vacuum-modulator-valve-720.1-automatic-transmission-1232700079/
A1159800115	https://expedition-imports.com/pilot-bearing-280ge-300gd-240gd-250gd-230ge-and-230g-404-710-712-1159800115/
A4635400317	https://expedition-imports.com/abs-wheel-speed-sensor-4635400317/
A0001587503	https://expedition-imports.com/central-ignition-coil-m104-g320-0001587503/
A1031580002	https://expedition-imports.com/distributor-cap-300ge-1031580002
A1031580331	https://expedition-imports.com/distributor-cap-rotor-300ge-1031580331
A0031590503	https://expedition-imports.com/spark-plug-300ge-0031590503
A0031591103	https://expedition-imports.com/spark-plug-280ge-0031591103/
A0041513101	https://expedition-imports.com/starter-290gdt-270cdi-24v-0041513101
A4639064300	https://expedition-imports.com/wiper-motor-12v-4639064300/
A0028204642	https://expedition-imports.com/wiper-motor-24v-0028204642/
A0068204542	https://expedition-imports.com/rear-wiper-motor-0068204542
A0008602226	https://expedition-imports.com/washer-pump-12v-300gdt-0008602226
A0008601526	https://expedition-imports.com/wiper-washer-pump-24v-0008601526/
A0009820723	https://expedition-imports.com/intermittent-wiper-relay-0009820723/
A4635450524	https://expedition-imports.com/intermittent-wiper-relay-1995-to-2001-4635450524/
A4637200846	https://expedition-imports.com/window-regulator-electric-left-front-4637200846/
A4637200946	https://expedition-imports.com/window-regulator-electric-right-front-4637200946/
A4637201546	https://expedition-imports.com/window-regulator-left-front-without-motor-4637201546/
A4637201646	https://expedition-imports.com/window-regulator-right-front-without-motor-4637201646/
A4637300946	https://expedition-imports.com/window-regulator-left-rear-w-o-motor-4637300946/
A4637301046	https://expedition-imports.com/window-regulator-right-rear-w-o-motor-4637301046/
A1408212951	https://expedition-imports.com/g500-g320-window-switch-front-left-1408212951
A1408212851	https://expedition-imports.com/g500-g320-window-switch-front-right-1408212851et
A2028205310	https://expedition-imports.com/g500-g320-window-switch-rear-left-2028205310
A2028205210	https://expedition-imports.com/g500-g320-window-switch-rear-right-2028205210
A1248204910	https://expedition-imports.com/window-lock-switch-1248204910/
A4635450332	https://expedition-imports.com/differential-lock-switch-pack-4635450332/
A4635450932	https://expedition-imports.com/differential-lock-switch-463545193264/
A0015408697	https://expedition-imports.com/differential-lock-solenoid-valve-0015408697/
A0005450564	https://expedition-imports.com/switch-differential-lock-indicator-w463-0005450564/
A6015460335	https://expedition-imports.com/boot-diff-lock-switch-on-axle-6015460335/
A2025402144	https://expedition-imports.com/463-combo-switch-2025402144
A0005456004	https://expedition-imports.com/463-light-switch-1990-to-2001-0005456004/
A2025450081	https://expedition-imports.com/knob-headlight-switch-2025450081/
A6675450204	https://expedition-imports.com/blower-switch-6675450204/
A2308210251	https://expedition-imports.com/blower-regulator-463-2002-and-newer-2308210251
A2105400072	https://expedition-imports.com/k40-relay-2105400072/
A2105400272	https://expedition-imports.com/k40-relay-g320-2105400272/
A2015404345	https://expedition-imports.com/overvoltage-relay-2015404345/
A4635440032	https://expedition-imports.com/flasher-relay-unit-463-4635440032/
A0095459332	https://expedition-imports.com/glow-plug-relay-463-300gd-350gdt-0095459332
A0025421319	https://expedition-imports.com/relay-g500-g550-0025421319/
A0025448432	https://expedition-imports.com/turn-signal-relay-250gd-24v-0025448432/
A0095451932	https://expedition-imports.com/power-door-lock-module-1990-to-2001-0095451932
A1649005101	https://expedition-imports.com/rear-sam-control-module-1649005101
A4639000800	https://expedition-imports.com/rear-sensor-control-unit-4639000800
A4635420001	https://expedition-imports.com/instrument-cluster-early-w463-g-class-4635420001/
A0048202442	https://expedition-imports.com/door-lock-motor-5-wire-0048202442/
A0048202542	https://expedition-imports.com/power-door-lock-actuator-463-0048202542/
A0048202642	https://expedition-imports.com/fuel-door-lock-motor-463-0048202642/
A0004629330	https://expedition-imports.com/ignition-tumbler-0004629330/
A0014620230	https://expedition-imports.com/steering-ignition-lock-gas-w460-w463-gasoline-trucks-0014620230
A0014620430	https://expedition-imports.com/steering-ignition-lock-diesel-lhd-0014620430
A1164620093	https://expedition-imports.com/ignition-lock-electrical-switch-1164620093/
A2015450014	https://expedition-imports.com/reverse-lamp-switch-2015450014/
A4615450006	https://expedition-imports.com/switch-back-up-light-461-and-early-463-4615450006
A000545350964	https://expedition-imports.com/brake-light-switch-g-class-and-unimog-000545350964/
A0005454906	https://expedition-imports.com/neutral-safety-switch-0005454906/
A0005454206	https://expedition-imports.com/neutral-safety-switch-0005454206/
A1298200610	https://expedition-imports.com/switch-mirror-463-1298200610
A0035422820	https://expedition-imports.com/horn-high-note-400-hz-0035422820/
A0035452707	https://expedition-imports.com/rocker-switch-0035452707
A0048206810	https://expedition-imports.com/high-pressure-ac-switch-16-bar-0048206810/
A2018202110	https://expedition-imports.com/door-switch-2018202110/
A4605400044	https://expedition-imports.com/1st-gear-micro-switch-w460-g-class-4605400044/
A0001598201	https://expedition-imports.com/glow-plug-24v-0001598201/
A0014621730	https://expedition-imports.com/steering-ignition-lock-diesel-rhd-0014621730/
A0004600284	https://expedition-imports.com/ignition-lock-vacuum-valve-w460-early-w463-diesels-0004600284
A4602406718	https://nemigaparts.com/cat_spares/epc/mercedes/2/fg/463202/62t/24/015/
A4602406618	https://nemigaparts.com/cat_spares/epc/mercedes/2/fg/461212/395/24/015/
A4602405718	https://nemigaparts.com/cat_spares/epc/mercedes/2/fg/461212/395/24/015/
A4602420640	https://nemigaparts.com/cat_spares/epc/mercedes/2/fg/463202/62t/24/015/
A4602410610	https://nemigaparts.com/cat_spares/epc/mercedes/2/fg/461212/395/24/015/
A4602665002	https://nemigaparts.com/cat_spares/epc/mercedes/2/fg/461212/395/24/015/
A6422232504	https://nemigaparts.com/cat_spares/epc/mercedes/2/fg/463303/62t/24/015/
A6422232604	https://nemigaparts.com/cat_spares/epc/mercedes/2/fg/463303/62t/24/015/
A2732233304	https://nemigaparts.com/cat_spares/epc/mercedes/2/fg/463202/62t/24/015/
A2732233404	https://nemigaparts.com/cat_spares/epc/mercedes/2/fg/463202/62t/24/015/
A2202400418	https://nemigaparts.com/cat_spares/epc/mercedes/2/fg/463303/62t/24/015/
A2122400418	https://nemigaparts.com/cat_spares/epc/mercedes/2/fg/463202/62t/24/015/
A4632602360	https://nemigaparts.com/cat_spares/epc/mercedes/2/fg/463303/62t/24/015/
A4632602460	https://nemigaparts.com/cat_spares/epc/mercedes/2/fg/463202/62t/24/015/
A1402421340	https://nemigaparts.com/cat_spares/epc/mercedes/2/fg/463303/62t/24/015/
A4635001100	https://nemigaparts.com/cat_spares/epc/mercedes/2/fg/463303/62t/50/015/
A4615000102	https://nemigaparts.com/cat_spares/epc/mercedes/2/fg/463303/62t/50/015/
A0015010701	https://nemigaparts.com/cat_spares/epc/mercedes/2/fg/461212/395/50/015/
A4615010015	https://nemigaparts.com/cat_spares/epc/mercedes/2/fg/461212/395/50/015/
A4635040012	https://nemigaparts.com/cat_spares/epc/mercedes/2/fg/463303/62t/50/015/
A1635010181	https://nemigaparts.com/cat_spares/epc/mercedes/2/fg/463303/62t/50/015/
A4635000293	https://nemigaparts.com/cat_spares/epc/mercedes/2/fg/463303/62t/50/015/
A4605055055	https://nemigaparts.com/cat_spares/epc/mercedes/2/fg/461212/395/50/015/
A2045000949	https://nemigaparts.com/cat_spares/epc/mercedes/2/fg/463303/62t/50/165/
A0005018215	https://nemigaparts.com/cat_spares/epc/mercedes/2/fg/463303/62t/50/165/
A2015040112	https://nemigaparts.com/cat_spares/epc/mercedes/2/fg/463303/62t/50/165/
A6422002201	https://nemigaparts.com/cat_spares/epc/mercedes/2/m/642920/63h/20/015/
A6422010680	https://nemigaparts.com/cat_spares/epc/mercedes/2/m/642920/63h/20/015/
A6422002015	https://nemigaparts.com/cat_spares/epc/mercedes/2/m/642920/63h/20/015/
A6422002115	https://nemigaparts.com/cat_spares/epc/mercedes/2/m/642920/63h/20/015/
A1122001401	https://nemigaparts.com/cat_spares/epc/mercedes/2/m/113962/07n/20/015/
A1122030275	https://nemigaparts.com/cat_spares/epc/mercedes/2/m/113962/07n/20/015/
A1572000201	https://nemigaparts.com/cat_spares/epc/mercedes/2/m/157980/d75/20/015/
A2782000715	https://nemigaparts.com/cat_spares/epc/mercedes/2/m/157980/d75/20/015/
A2782010380	https://nemigaparts.com/cat_spares/epc/mercedes/2/m/157980/d75/20/015/
A1772000001	https://nemigaparts.com/cat_spares/epc/mercedes/2/m/177980/d87/20/015/
A1772000000	https://nemigaparts.com/cat_spares/epc/mercedes/2/m/177980/d87/20/015/
A6022000220	https://nemigaparts.com/cat_spares/epc/mercedes/2/m/602939/502/20/015/
A6012000015	https://nemigaparts.com/cat_spares/epc/mercedes/2/m/602939/502/20/015/
A6052000820	https://nemigaparts.com/cat_spares/epc/mercedes/2/m/606964/19t/20/015/
A6022000015	https://nemigaparts.com/cat_spares/epc/mercedes/2/m/606964/19t/20/015/
A6062010180	https://nemigaparts.com/cat_spares/epc/mercedes/2/m/606964/19t/20/015/
A6421800165	https://nemigaparts.com/cat_spares/epc/mercedes/2/m/642920/63h/18/060/
A6421880480	https://nemigaparts.com/cat_spares/epc/mercedes/2/m/642920/63h/18/060/
A1121880401	https://nemigaparts.com/cat_spares/epc/mercedes/2/m/113962/07n/18/045/
A2781880401	https://nemigaparts.com/cat_spares/epc/mercedes/2/m/157980/d75/18/060/
A1331880001	https://nemigaparts.com/cat_spares/epc/mercedes/2/m/177980/d87/18/060/
A4634907214	https://nemigaparts.com/cat_spares/epc/mercedes/2/fg/463303/62t/49/222/
A4634907414	https://nemigaparts.com/cat_spares/epc/mercedes/2/fg/463303/62t/49/222/
A4634900710	https://nemigaparts.com/cat_spares/epc/mercedes/2/fg/463303/62t/49/222/
A4634900721	https://nemigaparts.com/cat_spares/epc/mercedes/2/fg/463303/62t/49/222/
A4634902001	https://nemigaparts.com/cat_spares/epc/mercedes/2/fg/463303/62t/49/222/
A2194920080	https://nemigaparts.com/cat_spares/epc/mercedes/2/fg/463303/62t/49/222/
A0004920881	https://nemigaparts.com/cat_spares/epc/mercedes/2/fg/463303/62t/49/222/
A0035427018	https://nemigaparts.com/cat_spares/epc/mercedes/2/fg/463303/62t/49/222/
A0071539628	https://nemigaparts.com/cat_spares/epc/mercedes/2/fg/463303/62t/49/222/
A3014920382	https://nemigaparts.com/cat_spares/epc/mercedes/2/fg/463303/62t/49/222/
A4634905621	https://nemigaparts.com/cat_spares/epc/mercedes/2/fg/463272/d42/49/212/
A4634905721	https://nemigaparts.com/cat_spares/epc/mercedes/2/fg/463272/d42/49/212/
A2084920081	https://nemigaparts.com/cat_spares/epc/mercedes/2/fg/463272/d42/49/212/
A0095425518	https://nemigaparts.com/cat_spares/epc/mercedes/2/fg/463272/d42/49/212/
A0065422318	https://nemigaparts.com/cat_spares/epc/mercedes/2/fg/463272/d42/49/212/
A4604903401	https://nemigaparts.com/cat_spares/epc/mercedes/2/fg/461212/395/49/015/
A4604901301	https://nemigaparts.com/cat_spares/epc/mercedes/2/fg/461212/395/49/015/
A4604926701	https://nemigaparts.com/cat_spares/epc/mercedes/2/fg/461212/395/49/015/
A4609880211	https://nemigaparts.com/cat_spares/epc/mercedes/2/fg/461212/395/49/015/
A0001802609	https://nemigaparts.com/cat_spares/epc/mercedes/2/m/113962/07n/18/045/
A2781800009	https://nemigaparts.com/cat_spares/epc/mercedes/2/m/157980/d75/18/060/
A6421800009	https://nemigaparts.com/cat_spares/epc/mercedes/2/m/642920/63h/18/060/
A6011800109	https://nemigaparts.com/cat_spares/epc/mercedes/2/m/602939/502/18/060/
A6061800009	https://nemigaparts.com/cat_spares/epc/mercedes/2/m/606964/19t/18/060/
A1120940604	https://nemigaparts.com/cat_spares/epc/mercedes/2/m/113962/07n/09/015/
A1770940004	https://nemigaparts.com/cat_spares/epc/mercedes/2/m/177980/d87/09/045/
A0020942304	https://nemigaparts.com/cat_spares/epc/mercedes/2/m/602939/502/09/030/
A6421801410	https://nemigaparts.com/cat_spares/epc/mercedes/2/m/642920/63h/18/060/
A6421800038	https://nemigaparts.com/cat_spares/epc/mercedes/2/m/642920/63h/18/060/
A0299975448	https://nemigaparts.com/cat_spares/epc/mercedes/2/m/642920/63h/18/060/
A2781800710	https://nemigaparts.com/cat_spares/epc/mercedes/2/m/157980/d75/18/060/
A2781800438	https://nemigaparts.com/cat_spares/epc/mercedes/2/m/157980/d75/18/060/
A1121800710	https://nemigaparts.com/cat_spares/epc/mercedes/2/m/113962/07n/18/045/
A0259976648	https://nemigaparts.com/cat_spares/epc/mercedes/2/m/113962/07n/18/045/
A1771800110	https://nemigaparts.com/cat_spares/epc/mercedes/2/m/177980/d87/18/060/
A000989780110	https://www.w124performance.com/docs/mb/other/MB_Chemical_Product_Information.pdf
A000989282511	https://www.w124performance.com/docs/mb/other/MB_Chemical_Product_Information.pdf
A001989680311	https://www.w124performance.com/docs/mb/other/MB_Chemical_Product_Information.pdf
A000989080714	https://www.w124performance.com/docs/mb/other/MB_Chemical_Product_Information.pdf
A000989304509	https://www.w124performance.com/docs/mb/other/MB_Chemical_Product_Information.pdf
